name,size_KB,size_MB,test_acc
colabnas_k_8,46.04,0.04604,0.7426742225888598
own_baseline,32.232,0.032232,0.7483590975933432
sepconv,28.672,0.028672,0.7589577131379792
QAT_sepconv,28.672,0.028672,0.740898819984936
QAT_sepconv,28.672,0.028672,0.5
QAT_sepconv,28.672,0.028672,0.6164951041928195
QAT_sepconv,28.672,0.028672,0.5500520067429432
mcunet_vww1,643.2,0.6432,0.7853197518023026
